Archivo,Ejecución,Tamaño,Tiempo (s)
2hilos.doc,1,1000x1000,1.8619
2hilos.doc,2,1500x1500,8.1589
2hilos.doc,3,2000x2000,25.4372
2hilos.doc,4,2500x2500,46.2487
2hilos.doc,5,3000x3000,89.9402
2hilos.doc,6,3500x3500,123.8815
2hilos.doc,7,4000x4000,216.7921
2hilos.doc,8,4500x4500,247.1849
2hilos.doc,9,5000x5000,433.7839
2hilos.doc,10,1000x1000,1.9894
2hilos.doc,11,1500x1500,8.3041
2hilos.doc,12,2000x2000,25.0305
2hilos.doc,13,2500x2500,46.9122
2hilos.doc,14,3000x3000,91.3727
2hilos.doc,15,3500x3500,128.8765
2hilos.doc,16,4000x4000,219.1024
2hilos.doc,17,4500x4500,282.9033
2hilos.doc,18,5000x5000,434.2337
2hilos.doc,19,1000x1000,1.9439
2hilos.doc,20,1500x1500,7.7406
2hilos.doc,21,2000x2000,25.3075
2hilos.doc,22,2500x2500,45.6179
2hilos.doc,23,3000x3000,90.8876
2hilos.doc,24,3500x3500,127.3078
2hilos.doc,25,4000x4000,217.5618
2hilos.doc,26,4500x4500,281.8991
2hilos.doc,27,5000x5000,437.4927
2hilos.doc,28,1000x1000,1.8848
2hilos.doc,29,1500x1500,8.1486
2hilos.doc,30,2000x2000,25.3571
2hilos.doc,31,2500x2500,45.2708
2hilos.doc,32,3000x3000,90.6861
2hilos.doc,33,3500x3500,128.8062
2hilos.doc,34,4000x4000,217.9721
2hilos.doc,35,4500x4500,282.2608
2hilos.doc,36,5000x5000,403.8498
2hilos.doc,37,1000x1000,1.8996
2hilos.doc,38,1500x1500,8.2865
2hilos.doc,39,2000x2000,25.6655
2hilos.doc,40,2500x2500,45.7155
2hilos.doc,41,3000x3000,91.4620
2hilos.doc,42,3500x3500,127.0356
2hilos.doc,43,4000x4000,215.4968
2hilos.doc,44,4500x4500,285.0520
2hilos.doc,45,5000x5000,429.7486
2hilos.doc,46,1000x1000,1.9144
2hilos.doc,47,1500x1500,8.2055
2hilos.doc,48,2000x2000,25.0344
2hilos.doc,49,2500x2500,45.7931
2hilos.doc,50,3000x3000,91.3195
2hilos.doc,51,3500x3500,124.4114
2hilos.doc,52,4000x4000,219.5096
2hilos.doc,53,4500x4500,284.4517
2hilos.doc,54,5000x5000,427.7367
2hilos.doc,55,1000x1000,2.0341
2hilos.doc,56,1500x1500,8.0406
2hilos.doc,57,2000x2000,24.9230
2hilos.doc,58,2500x2500,46.9375
2hilos.doc,59,3000x3000,91.3967
2hilos.doc,60,3500x3500,127.0138
2hilos.doc,61,4000x4000,218.9031
2hilos.doc,62,4500x4500,272.9229
2hilos.doc,63,5000x5000,434.5161
2hilos.doc,64,1000x1000,2.1786
2hilos.doc,65,1500x1500,8.0730
2hilos.doc,66,2000x2000,43.8947
2hilos.doc,67,2500x2500,52.4994
2hilos.doc,68,3000x3000,103.2493
2hilos.doc,69,3500x3500,139.1317
2hilos.doc,70,4000x4000,242.5050
2hilos.doc,71,4500x4500,311.0695
2hilos.doc,72,5000x5000,464.2965
2hilos.doc,73,1000x1000,2.2773
2hilos.doc,74,1500x1500,8.9302
2hilos.doc,75,2000x2000,27.0671
2hilos.doc,76,2500x2500,53.4145
2hilos.doc,77,3000x3000,103.1672
2hilos.doc,78,3500x3500,155.7349
2hilos.doc,79,4000x4000,238.6612
2hilos.doc,80,4500x4500,320.4024
2hilos.doc,81,5000x5000,476.8893
2hilos.doc,82,1000x1000,2.0830
2hilos.doc,83,1500x1500,8.3940
2hilos.doc,84,2000x2000,28.4093
2hilos.doc,85,2500x2500,47.6951
2hilos.doc,86,3000x3000,94.9387
2hilos.doc,87,3500x3500,134.5735
2hilos.doc,88,4000x4000,228.4096
2hilos.doc,89,4500x4500,290.5353
2procesos.doc,1,1000x1000,1.7531
2procesos.doc,2,1500x1500,6.7762
2procesos.doc,3,2000x2000,12.4834
2procesos.doc,4,1000x1000,1.3469
2procesos.doc,5,1500x1500,6.4367
2procesos.doc,6,2000x2000,12.2598
2procesos.doc,7,2500x2500,35.4366
2procesos.doc,8,3000x3000,50.4536
2procesos.doc,9,3500x3500,102.0789
2procesos.doc,10,4000x4000,117.2953
2procesos.doc,11,4500x4500,220.4854
2procesos.doc,12,5000x5000,256.3029
2procesos.doc,13,1000x1000,1.4627
2procesos.doc,14,1500x1500,6.6195
2procesos.doc,15,2000x2000,13.0176
2procesos.doc,16,2500x2500,36.2004
2procesos.doc,17,3000x3000,52.6362
2procesos.doc,18,3500x3500,102.6270
2procesos.doc,19,4000x4000,119.0864
2procesos.doc,20,4500x4500,222.8925
2procesos.doc,21,5000x5000,259.1862
2procesos.doc,22,1000x1000,1.4305
2procesos.doc,23,1500x1500,6.9590
2procesos.doc,24,2000x2000,12.6921
2procesos.doc,25,2500x2500,35.5942
2procesos.doc,26,3000x3000,51.9142
2procesos.doc,27,3500x3500,103.2424
2procesos.doc,28,4000x4000,118.3606
2procesos.doc,29,4500x4500,222.5738
2procesos.doc,30,5000x5000,258.8497
2procesos.doc,31,1000x1000,1.4689
2procesos.doc,32,1500x1500,6.6133
2procesos.doc,33,2000x2000,12.9915
2procesos.doc,34,2500x2500,36.2444
2procesos.doc,35,3000x3000,53.0166
2procesos.doc,36,3500x3500,102.1164
2procesos.doc,37,4000x4000,118.7170
2procesos.doc,38,4500x4500,222.5776
2procesos.doc,39,5000x5000,256.5358
2procesos.doc,40,1000x1000,1.4319
2procesos.doc,41,1500x1500,6.6712
2procesos.doc,42,2000x2000,12.8795
2procesos.doc,43,2500x2500,36.1042
2procesos.doc,44,3000x3000,51.7408
2procesos.doc,45,3500x3500,103.2424
2procesos.doc,46,4000x4000,118.1933
2procesos.doc,47,4500x4500,218.5130
2procesos.doc,48,5000x5000,258.9555
2procesos.doc,49,1000x1000,1.4237
2procesos.doc,50,1500x1500,6.7102
2procesos.doc,51,2000x2000,12.4736
2procesos.doc,52,2500x2500,35.6282
2procesos.doc,53,3000x3000,51.9532
2procesos.doc,54,3500x3500,102.3434
2procesos.doc,55,4000x4000,118.4791
2procesos.doc,56,4500x4500,222.1206
2procesos.doc,57,5000x5000,256.2736
2procesos.doc,58,1000x1000,1.4292
2procesos.doc,59,1500x1500,6.7723
2procesos.doc,60,2000x2000,12.5415
2procesos.doc,61,2500x2500,35.5298
2procesos.doc,62,3000x3000,53.0910
2procesos.doc,63,3500x3500,103.2441
2procesos.doc,64,4000x4000,117.5387
2procesos.doc,65,4500x4500,221.1118
2procesos.doc,66,5000x5000,257.3261
2procesos.doc,67,1000x1000,1.4278
2procesos.doc,68,1500x1500,6.6042
2procesos.doc,69,2000x2000,12.4467
2procesos.doc,70,2500x2500,35.6121
2procesos.doc,71,3000x3000,52.9474
2procesos.doc,72,3500x3500,102.8810
2procesos.doc,73,4000x4000,119.0364
2procesos.doc,74,4500x4500,220.1084
2procesos.doc,75,5000x5000,258.8601
2procesos.doc,76,1000x1000,1.4240
2procesos.doc,77,1500x1500,6.6353
2procesos.doc,78,2000x2000,12.5000
2procesos.doc,79,2500x2500,35.6396
2procesos.doc,80,3000x3000,51.8627
2procesos.doc,81,3500x3500,102.4452
2procesos.doc,82,4000x4000,117.0998
2procesos.doc,83,4500x4500,221.8690
2procesos.doc,84,5000x5000,257.9594
2procesos.doc,85,1000x1000,1.4167
2procesos.doc,86,1500x1500,6.5758
2procesos.doc,87,2000x2000,12.6180
2procesos.doc,88,2500x2500,35.5678
2procesos.doc,89,3000x3000,51.8590
2procesos.doc,90,3500x3500,103.0405
2procesos.doc,91,4000x4000,117.3048
2procesos.doc,92,4500x4500,220.6059
2procesos.doc,93,5000x5000,258.8682
4hilos.doc,1,1000x1000,1.1122
4hilos.doc,2,1500x1500,4.1681
4hilos.doc,3,2000x2000,12.9187
4hilos.doc,4,2500x2500,22.4386
4hilos.doc,5,3000x3000,43.2088
4hilos.doc,6,3500x3500,69.0032
4hilos.doc,7,4000x4000,107.0290
4hilos.doc,8,4500x4500,139.3153
4hilos.doc,9,5000x5000,213.9494
4hilos.doc,10,1000x1000,0.8753
4hilos.doc,11,1500x1500,3.9059
4hilos.doc,12,2000x2000,12.3984
4hilos.doc,13,2500x2500,23.3870
4hilos.doc,14,3000x3000,47.0848
4hilos.doc,15,3500x3500,69.3226
4hilos.doc,16,4000x4000,116.3428
4hilos.doc,17,4500x4500,156.1987
4hilos.doc,18,5000x5000,234.6759
4hilos.doc,19,1000x1000,0.8866
4hilos.doc,20,1500x1500,3.8736
4hilos.doc,21,2000x2000,12.4460
4hilos.doc,22,2500x2500,23.5457
4hilos.doc,23,3000x3000,47.1641
4hilos.doc,24,3500x3500,68.9470
4hilos.doc,25,4000x4000,116.0589
4hilos.doc,26,4500x4500,155.7522
4hilos.doc,27,5000x5000,233.0963
4hilos.doc,28,1000x1000,0.8840
4hilos.doc,29,1500x1500,3.8557
4hilos.doc,30,2000x2000,12.4301
4hilos.doc,31,2500x2500,23.5493
4hilos.doc,32,3000x3000,47.1637
4hilos.doc,33,3500x3500,68.5663
4hilos.doc,34,4000x4000,115.5935
4hilos.doc,35,4500x4500,155.0702
4hilos.doc,36,5000x5000,232.9069
4hilos.doc,37,1000x1000,0.8825
4hilos.doc,38,1500x1500,3.8939
4hilos.doc,39,2000x2000,12.3964
4hilos.doc,40,2500x2500,23.4772
4hilos.doc,41,3000x3000,46.8757
4hilos.doc,42,3500x3500,68.7152
4hilos.doc,43,4000x4000,115.9259
4hilos.doc,44,4500x4500,155.3348
4hilos.doc,45,5000x5000,234.1571
4hilos.doc,46,1000x1000,0.8883
4hilos.doc,47,1500x1500,3.8759
4hilos.doc,48,2000x2000,12.4891
4hilos.doc,49,2500x2500,23.5424
4hilos.doc,50,3000x3000,46.8674
4hilos.doc,51,3500x3500,69.0790
4hilos.doc,52,4000x4000,115.5196
4hilos.doc,53,4500x4500,153.9391
4hilos.doc,54,5000x5000,233.6909
4hilos.doc,55,1000x1000,0.8561
4hilos.doc,56,1500x1500,3.8473
4hilos.doc,57,2000x2000,12.4537
4hilos.doc,58,2500x2500,23.2079
4hilos.doc,59,3000x3000,46.8287
4hilos.doc,60,3500x3500,68.6594
4hilos.doc,61,4000x4000,115.4281
4hilos.doc,62,4500x4500,154.6605
4hilos.doc,63,5000x5000,232.5650
4hilos.doc,64,1000x1000,0.8688
4hilos.doc,65,1500x1500,3.9389
4hilos.doc,66,2000x2000,12.3978
4hilos.doc,67,2500x2500,23.1262
4hilos.doc,68,3000x3000,46.7150
4hilos.doc,69,3500x3500,68.3548
4hilos.doc,70,4000x4000,115.4337
4hilos.doc,71,4500x4500,152.1651
4hilos.doc,72,5000x5000,232.2653
4hilos.doc,73,1000x1000,0.8665
4hilos.doc,74,1500x1500,3.8784
4hilos.doc,75,2000x2000,12.3303
4hilos.doc,76,2500x2500,23.1068
4hilos.doc,77,3000x3000,46.5735
4hilos.doc,78,3500x3500,68.4977
4hilos.doc,79,4000x4000,114.9495
4hilos.doc,80,4500x4500,155.1851
4hilos.doc,81,5000x5000,232.3329
4hilos.doc,82,1000x1000,0.8634
4hilos.doc,83,1500x1500,3.8594
4hilos.doc,84,2000x2000,12.3649
4hilos.doc,85,2500x2500,23.4774
4hilos.doc,86,3000x3000,46.9084
4hilos.doc,87,3500x3500,68.6037
4hilos.doc,88,4000x4000,115.0285
4hilos.doc,89,4500x4500,154.5231
4hilos.doc,90,5000x5000,232.0842
4procesos.doc,1,1000x1000,0.7871
4procesos.doc,2,1500x1500,3.3179
4procesos.doc,3,2000x2000,6.6486
4procesos.doc,4,2500x2500,19.0138
4procesos.doc,5,3000x3000,28.7508
4procesos.doc,6,3500x3500,55.9214
4procesos.doc,7,4000x4000,67.5795
4procesos.doc,8,4500x4500,121.3468
4procesos.doc,9,5000x5000,145.0448
4procesos.doc,10,1000x1000,0.7444
4procesos.doc,11,1500x1500,3.1999
4procesos.doc,12,2000x2000,6.4543
4procesos.doc,13,2500x2500,18.7451
4procesos.doc,14,3000x3000,28.3260
4procesos.doc,15,3500x3500,55.5636
4procesos.doc,16,4000x4000,67.0992
4procesos.doc,17,4500x4500,121.2556
4procesos.doc,18,5000x5000,144.9692
4procesos.doc,19,1000x1000,0.7449
4procesos.doc,20,1500x1500,3.2022
4procesos.doc,21,2000x2000,6.5150
4procesos.doc,22,2500x2500,18.7112
4procesos.doc,23,3000x3000,28.3428
4procesos.doc,24,3500x3500,55.5498
4procesos.doc,25,4000x4000,67.0629
4procesos.doc,26,4500x4500,121.0461
4procesos.doc,27,5000x5000,144.4326
4procesos.doc,28,1000x1000,0.7769
4procesos.doc,29,1500x1500,3.2582
4procesos.doc,30,2000x2000,6.5764
4procesos.doc,31,2500x2500,18.8919
4procesos.doc,32,3000x3000,28.5729
4procesos.doc,33,3500x3500,55.6451
4procesos.doc,34,4000x4000,67.2936
4procesos.doc,35,4500x4500,121.3124
4procesos.doc,36,5000x5000,144.5979
4procesos.doc,37,1000x1000,0.7441
4procesos.doc,38,1500x1500,3.2070
4procesos.doc,39,2000x2000,6.4168
4procesos.doc,40,2500x2500,18.6617
4procesos.doc,41,3000x3000,28.3226
4procesos.doc,42,3500x3500,55.4237
4procesos.doc,43,4000x4000,66.8828
4procesos.doc,44,4500x4500,120.9942
4procesos.doc,45,5000x5000,144.3787
4procesos.doc,46,1000x1000,0.7858
4procesos.doc,47,1500x1500,3.2646
4procesos.doc,48,2000x2000,6.5551
4procesos.doc,49,2500x2500,18.8848
4procesos.doc,50,3000x3000,28.6353
4procesos.doc,51,3500x3500,55.7352
4procesos.doc,52,4000x4000,67.0557
4procesos.doc,53,4500x4500,121.0198
4procesos.doc,54,5000x5000,144.2940
4procesos.doc,55,1000x1000,0.7833
4procesos.doc,56,1500x1500,3.2639
4procesos.doc,57,2000x2000,6.5812
4procesos.doc,58,2500x2500,18.8268
4procesos.doc,59,3000x3000,28.4533
4procesos.doc,60,3500x3500,55.5241
4procesos.doc,61,4000x4000,66.9246
4procesos.doc,62,4500x4500,120.9270
4procesos.doc,63,5000x5000,144.4257
4procesos.doc,64,1000x1000,0.7422
4procesos.doc,65,1500x1500,3.2021
4procesos.doc,66,2000x2000,6.4365
4procesos.doc,67,2500x2500,18.6827
4procesos.doc,68,3000x3000,28.2600
4procesos.doc,69,3500x3500,55.1818
4procesos.doc,70,4000x4000,66.7139
4procesos.doc,71,4500x4500,120.8221
4procesos.doc,72,5000x5000,144.1981
4procesos.doc,73,1000x1000,0.7398
4procesos.doc,74,1500x1500,3.1895
4procesos.doc,75,2000x2000,6.4693
4procesos.doc,76,2500x2500,18.7110
4procesos.doc,77,3000x3000,28.1863
4procesos.doc,78,3500x3500,55.2908
4procesos.doc,79,4000x4000,66.7799
4procesos.doc,80,4500x4500,120.5992
4procesos.doc,81,5000x5000,143.9131
4procesos.doc,82,1000x1000,0.7409
4procesos.doc,83,1500x1500,3.2048
4procesos.doc,84,2000x2000,6.4618
4procesos.doc,85,2500x2500,18.7027
4procesos.doc,86,3000x3000,28.2144
4procesos.doc,87,3500x3500,55.2055
4procesos.doc,88,4000x4000,66.7147
4procesos.doc,89,4500x4500,120.5858
4procesos.doc,90,5000x5000,144.1813
4procesos.doc,91,6000x6000,236.1129
6hilos.doc,1,1000x1000,1.2903
6hilos.doc,2,1500x1500,4.1879
6hilos.doc,3,2000x2000,12.5035
6hilos.doc,4,2500x2500,22.7694
6hilos.doc,5,3000x3000,47.8862
6hilos.doc,6,3500x3500,90.8402
6hilos.doc,7,4000x4000,120.7234
6hilos.doc,8,4500x4500,137.6485
6hilos.doc,9,5000x5000,191.0591
6hilos.doc,10,1000x1000,1.1147
6hilos.doc,11,1500x1500,4.2878
6hilos.doc,12,2000x2000,12.3779
6hilos.doc,13,2500x2500,23.6423
6hilos.doc,14,3000x3000,48.1579
6hilos.doc,15,3500x3500,66.4998
6hilos.doc,16,4000x4000,104.2047
6hilos.doc,17,4500x4500,138.6572
6hilos.doc,18,5000x5000,197.6759
6hilos.doc,19,1000x1000,1.0865
6hilos.doc,20,1500x1500,4.2725
6hilos.doc,21,2000x2000,12.5668
6hilos.doc,22,2500x2500,23.3250
6hilos.doc,23,3000x3000,45.7406
6hilos.doc,24,3500x3500,66.5937
6hilos.doc,25,4000x4000,109.2900
6hilos.doc,26,4500x4500,137.2678
6hilos.doc,27,5000x5000,194.5078
6hilos.doc,28,1000x1000,1.1047
6hilos.doc,29,1500x1500,4.4077
6hilos.doc,30,2000x2000,12.5402
6hilos.doc,31,2500x2500,23.3590
6hilos.doc,32,3000x3000,45.7684
6hilos.doc,33,3500x3500,66.4606
6hilos.doc,34,4000x4000,106.5137
6hilos.doc,35,4500x4500,131.6838
6hilos.doc,36,5000x5000,199.0118
6hilos.doc,37,1000x1000,1.0855
6hilos.doc,38,1500x1500,4.2903
6hilos.doc,39,2000x2000,12.5478
6hilos.doc,40,2500x2500,24.7445
6hilos.doc,41,3000x3000,45.6624
6hilos.doc,42,3500x3500,68.9973
6hilos.doc,43,4000x4000,108.8390
6hilos.doc,44,4500x4500,130.5658
6hilos.doc,45,5000x5000,196.6714
6hilos.doc,46,1000x1000,1.1300
6hilos.doc,47,1500x1500,4.2941
6hilos.doc,48,2000x2000,12.6093
6hilos.doc,49,2500x2500,23.2971
6hilos.doc,50,3000x3000,45.7011
6hilos.doc,51,3500x3500,67.7318
6hilos.doc,52,4000x4000,108.2089
6hilos.doc,53,4500x4500,131.2794
6hilos.doc,54,5000x5000,191.0806
6hilos.doc,55,1000x1000,1.1171
6hilos.doc,56,1500x1500,4.2791
6hilos.doc,57,2000x2000,12.3466
6hilos.doc,58,2500x2500,23.6762
6hilos.doc,59,3000x3000,45.6085
6hilos.doc,60,3500x3500,66.1539
6hilos.doc,61,4000x4000,113.2300
6hilos.doc,62,4500x4500,145.5573
6hilos.doc,63,5000x5000,229.6631
6hilos.doc,64,1000x1000,1.0642
6hilos.doc,65,1500x1500,4.5538
6hilos.doc,66,2000x2000,12.2424
6hilos.doc,67,2500x2500,23.8433
6hilos.doc,68,3000x3000,46.1164
6hilos.doc,69,3500x3500,68.9500
6hilos.doc,70,4000x4000,112.7689
6hilos.doc,71,4500x4500,148.8081
6hilos.doc,72,5000x5000,225.9037
6hilos.doc,73,1000x1000,1.0985
6hilos.doc,74,1500x1500,4.3405
6hilos.doc,75,2000x2000,12.3060
6hilos.doc,76,2500x2500,23.3243
6hilos.doc,77,3000x3000,45.6405
6hilos.doc,78,3500x3500,66.2346
6hilos.doc,79,4000x4000,113.8153
6hilos.doc,80,4500x4500,150.5428
6hilos.doc,81,5000x5000,224.2141
6hilos.doc,82,1000x1000,1.0887
6hilos.doc,83,1500x1500,4.3499
6hilos.doc,84,2000x2000,12.2374
6hilos.doc,85,2500x2500,23.2805
6hilos.doc,86,3000x3000,45.3030
6hilos.doc,87,3500x3500,66.0443
6hilos.doc,88,4000x4000,112.1627
6hilos.doc,89,4500x4500,147.9189
6procesos.doc,1,1000x1000,0.8421
6procesos.doc,2,1500x1500,3.1047
6procesos.doc,3,2000x2000,6.8925
6procesos.doc,4,2500x2500,17.0738
6procesos.doc,5,3000x3000,27.5916
6procesos.doc,6,3500x3500,49.3942
6procesos.doc,7,4000x4000,66.8123
6procesos.doc,8,4500x4500,107.7644
6procesos.doc,9,5000x5000,137.5353
6procesos.doc,10,1000x1000,0.8414
6procesos.doc,11,1500x1500,3.0644
6procesos.doc,12,2000x2000,7.0796
6procesos.doc,13,2500x2500,17.3575
6procesos.doc,14,3000x3000,27.5032
6procesos.doc,15,3500x3500,49.9255
6procesos.doc,16,4000x4000,66.0030
6procesos.doc,17,4500x4500,116.1272
6procesos.doc,18,5000x5000,136.4886
6procesos.doc,19,1000x1000,0.9778
6procesos.doc,20,1500x1500,3.1333
6procesos.doc,21,2000x2000,6.9016
6procesos.doc,22,2500x2500,17.3996
6procesos.doc,23,3000x3000,27.4811
6procesos.doc,24,3500x3500,49.1909
6procesos.doc,25,4000x4000,66.4538
6procesos.doc,26,4500x4500,105.4986
6procesos.doc,27,5000x5000,135.7349
6procesos.doc,28,1000x1000,0.8684
6procesos.doc,29,1500x1500,3.2390
6procesos.doc,30,2000x2000,7.2135
6procesos.doc,31,2500x2500,16.9366
6procesos.doc,32,3000x3000,27.5818
6procesos.doc,33,3500x3500,49.3176
6procesos.doc,34,4000x4000,65.7258
6procesos.doc,35,4500x4500,106.6576
6procesos.doc,36,5000x5000,135.8648
6procesos.doc,37,1000x1000,0.9201
6procesos.doc,38,1500x1500,3.0377
6procesos.doc,39,2000x2000,6.9118
6procesos.doc,40,2500x2500,16.9358
6procesos.doc,41,3000x3000,27.9322
6procesos.doc,42,3500x3500,48.8543
6procesos.doc,43,4000x4000,65.5734
6procesos.doc,44,4500x4500,105.8989
6procesos.doc,45,5000x5000,136.0452
6procesos.doc,46,1000x1000,0.8142
6procesos.doc,47,1500x1500,3.0478
6procesos.doc,48,2000x2000,6.8174
6procesos.doc,49,2500x2500,16.9090
6procesos.doc,50,3000x3000,27.4461
6procesos.doc,51,3500x3500,49.0934
6procesos.doc,52,4000x4000,66.2573
6procesos.doc,53,4500x4500,105.6212
6procesos.doc,54,5000x5000,135.4157
6procesos.doc,55,1000x1000,0.9300
6procesos.doc,56,1500x1500,3.2107
6procesos.doc,57,2000x2000,7.0457
6procesos.doc,58,2500x2500,17.2074
6procesos.doc,59,3000x3000,27.4170
6procesos.doc,60,3500x3500,49.1546
6procesos.doc,61,4000x4000,65.7865
6procesos.doc,62,4500x4500,105.8576
6procesos.doc,63,5000x5000,135.6393
6procesos.doc,64,1000x1000,0.8435
6procesos.doc,65,1500x1500,3.0480
6procesos.doc,66,2000x2000,6.8457
6procesos.doc,67,2500x2500,17.2762
6procesos.doc,68,3000x3000,27.3014
6procesos.doc,69,3500x3500,49.0137
6procesos.doc,70,4000x4000,65.5073
6procesos.doc,71,4500x4500,107.0529
6procesos.doc,72,5000x5000,136.1922
6procesos.doc,73,1000x1000,0.9625
6procesos.doc,74,1500x1500,3.3100
6procesos.doc,75,2000x2000,6.9730
6procesos.doc,76,2500x2500,16.9050
6procesos.doc,77,3000x3000,27.8292
6procesos.doc,78,3500x3500,49.5646
6procesos.doc,79,4000x4000,65.6837
6procesos.doc,80,4500x4500,106.4591
6procesos.doc,81,5000x5000,134.9799
6procesos.doc,82,1000x1000,0.8655
6procesos.doc,83,1500x1500,3.0292
6procesos.doc,84,2000x2000,6.9120
6procesos.doc,85,2500x2500,16.8832
6procesos.doc,86,3000x3000,27.4875
6procesos.doc,87,3500x3500,49.7861
6procesos.doc,88,4000x4000,64.8868
6procesos.doc,89,4500x4500,104.7159
6procesos.doc,90,5000x5000,134.5018
8hilos.doc,1,1000x1000,1.0870
8hilos.doc,2,1500x1500,4.2922
8hilos.doc,3,2000x2000,12.1060
8hilos.doc,4,2500x2500,21.9784
8hilos.doc,5,3000x3000,44.1832
8hilos.doc,6,3500x3500,62.3125
8hilos.doc,7,4000x4000,108.3658
8hilos.doc,8,4500x4500,143.0793
8hilos.doc,9,5000x5000,216.6861
8hilos.doc,10,1000x1000,1.0863
8hilos.doc,11,1500x1500,4.3244
8hilos.doc,12,2000x2000,12.2324
8hilos.doc,13,2500x2500,22.0815
8hilos.doc,14,3000x3000,44.4233
8hilos.doc,15,3500x3500,62.3030
8hilos.doc,16,4000x4000,108.8921
8hilos.doc,17,4500x4500,142.2639
8hilos.doc,18,5000x5000,215.4139
8hilos.doc,19,1000x1000,1.0964
8hilos.doc,20,1500x1500,4.3531
8hilos.doc,21,2000x2000,12.1860
8hilos.doc,22,2500x2500,22.1056
8hilos.doc,23,3000x3000,44.1421
8hilos.doc,24,3500x3500,62.6785
8hilos.doc,25,4000x4000,108.1413
8hilos.doc,26,4500x4500,141.5649
8hilos.doc,27,5000x5000,214.8050
8hilos.doc,28,1000x1000,1.0990
8hilos.doc,29,1500x1500,4.3199
8hilos.doc,30,2000x2000,12.1762
8hilos.doc,31,2500x2500,21.9972
8hilos.doc,32,3000x3000,44.1262
8hilos.doc,33,3500x3500,62.1065
8hilos.doc,34,4000x4000,107.8128
8hilos.doc,35,4500x4500,142.4976
8hilos.doc,36,5000x5000,215.5814
8hilos.doc,37,1000x1000,1.0638
8hilos.doc,38,1500x1500,4.3087
8hilos.doc,39,2000x2000,12.1204
8hilos.doc,40,2500x2500,21.9270
8hilos.doc,41,3000x3000,44.0362
8hilos.doc,42,3500x3500,62.3252
8hilos.doc,43,4000x4000,107.6413
8hilos.doc,44,4500x4500,142.3368
8hilos.doc,45,5000x5000,214.6184
8hilos.doc,46,1000x1000,1.1156
8hilos.doc,47,1500x1500,4.4436
8hilos.doc,48,2000x2000,12.3038
8hilos.doc,49,2500x2500,22.3811
8hilos.doc,50,3000x3000,44.3685
8hilos.doc,51,3500x3500,62.2833
8hilos.doc,52,4000x4000,107.5651
8hilos.doc,53,4500x4500,141.1211
8hilos.doc,54,5000x5000,217.3996
8hilos.doc,55,1000x1000,1.0953
8hilos.doc,56,1500x1500,4.2753
8hilos.doc,57,2000x2000,11.7064
8hilos.doc,58,2500x2500,20.8161
8hilos.doc,59,3000x3000,38.5685
8hilos.doc,60,3500x3500,57.6504
8hilos.doc,61,4000x4000,91.5884
8hilos.doc,62,4500x4500,123.2032
8hilos.doc,63,5000x5000,174.1196
8hilos.doc,64,1000x1000,1.1714
8hilos.doc,65,1500x1500,4.3971
8hilos.doc,66,2000x2000,12.3916
8hilos.doc,67,2500x2500,22.0564
8hilos.doc,68,3000x3000,44.1040
8hilos.doc,69,3500x3500,61.7884
8hilos.doc,70,4000x4000,107.5533
8hilos.doc,71,4500x4500,122.0963
8hilos.doc,72,5000x5000,174.3112
8hilos.doc,73,1000x1000,1.1782
8hilos.doc,74,1500x1500,4.4137
8hilos.doc,75,2000x2000,12.4264
8hilos.doc,76,2500x2500,22.1312
8hilos.doc,77,3000x3000,44.1295
8hilos.doc,78,3500x3500,61.9497
8hilos.doc,79,4000x4000,103.2227
8hilos.doc,80,4500x4500,123.6298
8hilos.doc,81,5000x5000,174.8033
8hilos.doc,82,1000x1000,1.1672
8hilos.doc,83,1500x1500,4.3772
8hilos.doc,84,2000x2000,12.2045
8hilos.doc,85,2500x2500,22.0694
8hilos.doc,86,3000x3000,43.9347
8hilos.doc,87,3500x3500,63.2404
8procesos.doc,1,1000x1000,0.8343
8procesos.doc,2,1500x1500,2.9065
8procesos.doc,3,2000x2000,7.0077
8procesos.doc,4,2500x2500,14.7999
8procesos.doc,5,3000x3000,26.0122
8procesos.doc,6,3500x3500,42.3642
8procesos.doc,7,4000x4000,65.2234
8procesos.doc,8,4500x4500,90.8610
8procesos.doc,9,5000x5000,124.4573
8procesos.doc,10,1000x1000,0.8334
8procesos.doc,11,1500x1500,2.9040
8procesos.doc,12,2000x2000,7.0181
8procesos.doc,13,2500x2500,14.9567
8procesos.doc,14,3000x3000,25.9652
8procesos.doc,15,3500x3500,42.3808
8procesos.doc,16,4000x4000,63.3626
8procesos.doc,17,4500x4500,90.7755
8procesos.doc,18,5000x5000,124.4137
8procesos.doc,19,1000x1000,0.8185
8procesos.doc,20,1500x1500,2.9225
8procesos.doc,21,2000x2000,7.0910
8procesos.doc,22,2500x2500,14.7872
8procesos.doc,23,3000x3000,26.0541
8procesos.doc,24,3500x3500,42.3633
8procesos.doc,25,4000x4000,63.3954
8procesos.doc,26,4500x4500,90.1261
8procesos.doc,27,5000x5000,128.1742
8procesos.doc,28,1000x1000,0.8307
8procesos.doc,29,1500x1500,2.8945
8procesos.doc,30,2000x2000,7.0348
8procesos.doc,31,2500x2500,14.8768
8procesos.doc,32,3000x3000,26.0694
8procesos.doc,33,3500x3500,42.2892
8procesos.doc,34,4000x4000,64.5578
8procesos.doc,35,4500x4500,92.4972
8procesos.doc,36,5000x5000,123.1572
8procesos.doc,37,1000x1000,0.8306
8procesos.doc,38,1500x1500,2.8859
8procesos.doc,39,2000x2000,7.0517
8procesos.doc,40,2500x2500,14.8925
8procesos.doc,41,3000x3000,26.0097
8procesos.doc,42,3500x3500,42.1657
8procesos.doc,43,4000x4000,63.3731
8procesos.doc,44,4500x4500,90.4754
8procesos.doc,45,5000x5000,125.1821
8procesos.doc,46,1000x1000,0.8031
8procesos.doc,47,1500x1500,2.8784
8procesos.doc,48,2000x2000,7.0105
8procesos.doc,49,2500x2500,14.8537
8procesos.doc,50,3000x3000,25.9442
8procesos.doc,51,3500x3500,42.9111
8procesos.doc,52,4000x4000,63.4160
8procesos.doc,53,4500x4500,93.0762
8procesos.doc,54,5000x5000,123.7752
8procesos.doc,55,1000x1000,0.8267
8procesos.doc,56,1500x1500,2.8810
8procesos.doc,57,2000x2000,7.0141
8procesos.doc,58,2500x2500,14.8896
8procesos.doc,59,3000x3000,25.9829
8procesos.doc,60,3500x3500,42.4547
8procesos.doc,61,4000x4000,63.0044
8procesos.doc,62,4500x4500,89.6858
8procesos.doc,63,5000x5000,123.2797
8procesos.doc,64,1000x1000,0.8051
8procesos.doc,65,1500x1500,2.8431
8procesos.doc,66,2000x2000,6.9618
8procesos.doc,67,2500x2500,14.7491
8procesos.doc,68,3000x3000,25.8841
8procesos.doc,69,3500x3500,42.0464
8procesos.doc,70,4000x4000,63.3219
8procesos.doc,71,4500x4500,90.0761
8procesos.doc,72,5000x5000,124.4080
8procesos.doc,73,1000x1000,0.8258
8procesos.doc,74,1500x1500,2.8896
8procesos.doc,75,2000x2000,7.0429
8procesos.doc,76,2500x2500,14.8431
8procesos.doc,77,3000x3000,25.8798
8procesos.doc,78,3500x3500,42.0888
8procesos.doc,79,4000x4000,63.2271
8procesos.doc,80,4500x4500,90.2372
8procesos.doc,81,5000x5000,124.8449
8procesos.doc,82,1000x1000,0.7978
8procesos.doc,83,1500x1500,2.8498
8procesos.doc,84,2000x2000,6.9594
8procesos.doc,85,2500x2500,14.6886
8procesos.doc,86,3000x3000,25.6962
8procesos.doc,87,3500x3500,42.9584
8procesos.doc,88,4000x4000,63.3698
8procesos.doc,89,4500x4500,89.9273
8procesos.doc,90,5000x5000,122.9131
cache.doc,1,1000x1000,3.5741
cache.doc,2,1500x1500,11.5820
cache.doc,3,2000x2000,27.5423
cache.doc,4,2500x2500,51.5447
cache.doc,5,3000x3000,89.0178
cache.doc,6,3500x3500,139.5626
cache.doc,7,4000x4000,213.9142
cache.doc,8,4500x4500,287.7493
cache.doc,9,5000x5000,407.9378
cache.doc,10,1000x1000,3.5520
cache.doc,11,1500x1500,11.4858
cache.doc,12,2000x2000,27.3263
cache.doc,13,2500x2500,51.8203
cache.doc,14,3000x3000,92.1417
cache.doc,15,3500x3500,136.9909
cache.doc,16,4000x4000,205.2816
cache.doc,17,4500x4500,286.8252
cache.doc,18,5000x5000,392.0387
cache.doc,19,1000x1000,3.5595
cache.doc,20,1500x1500,12.4735
cache.doc,21,2000x2000,26.6331
cache.doc,22,2500x2500,51.2679
cache.doc,23,3000x3000,91.7496
cache.doc,24,3500x3500,137.2069
cache.doc,25,4000x4000,213.1737
cache.doc,26,4500x4500,293.8254
cache.doc,27,5000x5000,391.8224
cache.doc,28,1000x1000,3.5786
cache.doc,29,1500x1500,11.4887
cache.doc,30,2000x2000,26.8140
cache.doc,31,2500x2500,54.1059
cache.doc,32,3000x3000,90.0639
cache.doc,33,3500x3500,137.6237
cache.doc,34,4000x4000,205.0284
cache.doc,35,4500x4500,286.0296
cache.doc,36,5000x5000,392.4927
cache.doc,37,1000x1000,3.4115
cache.doc,38,1500x1500,12.4487
cache.doc,39,2000x2000,26.8115
cache.doc,40,2500x2500,51.7233
cache.doc,41,3000x3000,89.2123
cache.doc,42,3500x3500,137.9522
cache.doc,43,4000x4000,210.3928
cache.doc,44,4500x4500,290.9195
cache.doc,45,5000x5000,392.0235
cache.doc,46,1000x1000,3.5394
cache.doc,47,1500x1500,11.5169
cache.doc,48,2000x2000,28.3827
cache.doc,49,2500x2500,52.9606
cache.doc,50,3000x3000,89.4415
cache.doc,51,3500x3500,137.1458
cache.doc,52,4000x4000,205.2103
cache.doc,53,4500x4500,292.1207
cache.doc,54,5000x5000,393.5733
cache.doc,55,1000x1000,3.8070
cache.doc,56,1500x1500,11.4053
cache.doc,57,2000x2000,28.3138
cache.doc,58,2500x2500,53.4031
cache.doc,59,3000x3000,87.4441
cache.doc,60,3500x3500,142.3033
cache.doc,61,4000x4000,204.2416
cache.doc,62,4500x4500,285.8013
cache.doc,63,5000x5000,401.5399
cache.doc,64,1000x1000,3.4822
cache.doc,65,1500x1500,12.3299
cache.doc,66,2000x2000,26.1735
cache.doc,67,2500x2500,53.6430
cache.doc,68,3000x3000,90.1178
cache.doc,69,3500x3500,136.7814
cache.doc,70,4000x4000,209.8206
cache.doc,71,4500x4500,292.9650
cache.doc,72,5000x5000,398.0857
cache.doc,73,1000x1000,3.3868
cache.doc,74,1500x1500,12.2803
cache.doc,75,2000x2000,26.5866
cache.doc,76,2500x2500,53.4221
cache.doc,77,3000x3000,88.6785
cache.doc,78,3500x3500,137.7070
cache.doc,79,4000x4000,203.9627
cache.doc,80,4500x4500,293.3578
cache.doc,81,5000x5000,390.8769
ofast.doc,1,1000x1000,0.9106
ofast.doc,2,1500x1500,5.7424
ofast.doc,3,2000x2000,29.4348
ofast.doc,4,2500x2500,57.5148
ofast.doc,5,3000x3000,98.0136
ofast.doc,6,3500x3500,162.5404
ofast.doc,7,4000x4000,125.3522
ofast.doc,8,4500x4500,369.1015
ofast.doc,9,5000x5000,518.7981
ofast.doc,10,1000x1000,0.8396
ofast.doc,11,1500x1500,4.6936
ofast.doc,12,2000x2000,25.4132
ofast.doc,13,2500x2500,53.0076
ofast.doc,14,3000x3000,97.6643
ofast.doc,15,3500x3500,161.5817
ofast.doc,16,4000x4000,246.9484
ofast.doc,17,4500x4500,367.0372
ofast.doc,18,5000x5000,444.6068
ofast.doc,19,1000x1000,0.8592
ofast.doc,20,1500x1500,4.7952
ofast.doc,21,2000x2000,16.5126
ofast.doc,22,2500x2500,32.0395
ofast.doc,23,3000x3000,55.6549
ofast.doc,24,3500x3500,74.6534
ofast.doc,25,4000x4000,140.5843
ofast.doc,26,4500x4500,191.2009
ofast.doc,27,5000x5000,528.3997
ofast.doc,28,1000x1000,0.8875
ofast.doc,29,1500x1500,4.5851
ofast.doc,30,2000x2000,25.2124
ofast.doc,31,2500x2500,53.4877
ofast.doc,32,3000x3000,97.9905
ofast.doc,33,3500x3500,163.2175
ofast.doc,34,4000x4000,224.9286
ofast.doc,35,1000x1000,0.8852
ofast.doc,36,1500x1500,4.8412
ofast.doc,37,2000x2000,27.2390
ofast.doc,38,2500x2500,53.7630
ofast.doc,39,3000x3000,99.3562
ofast.doc,40,3500x3500,165.7760
ofast.doc,41,4000x4000,129.0133
ofast.doc,42,4500x4500,374.1270
ofast.doc,43,5000x5000,527.5783
ofast.doc,44,1000x1000,0.8791
ofast.doc,45,1500x1500,4.7123
ofast.doc,46,2000x2000,25.3671
ofast.doc,47,2500x2500,53.8600
ofast.doc,48,3000x3000,99.2693
ofast.doc,49,3500x3500,164.5383
ofast.doc,50,4000x4000,252.5011
ofast.doc,51,4500x4500,372.1749
ofast.doc,52,5000x5000,527.1111
ofast.doc,53,1000x1000,0.7273
ofast.doc,54,1500x1500,4.7327
ofast.doc,55,2000x2000,25.6627
ofast.doc,56,2500x2500,53.6181
ofast.doc,57,3000x3000,98.7470
ofast.doc,58,3500x3500,164.2306
ofast.doc,59,4000x4000,252.5623
ofast.doc,60,4500x4500,371.6102
ofast.doc,61,5000x5000,526.5017
ofast.doc,62,1000x1000,0.8369
ofast.doc,63,1500x1500,4.8721
ofast.doc,64,2000x2000,26.3022
ofast.doc,65,2500x2500,53.8170
ofast.doc,66,3000x3000,99.1675
ofast.doc,67,3500x3500,164.8366
ofast.doc,68,4000x4000,218.5720
ofast.doc,69,4500x4500,172.7757
ofast.doc,70,5000x5000,526.9323
ofast.doc,71,1000x1000,0.8661
ofast.doc,72,1500x1500,4.9281
ofast.doc,73,2000x2000,25.9390
ofast.doc,74,2500x2500,53.5977
ofast.doc,75,3000x3000,98.5475
ofast.doc,76,3500x3500,164.2864
ofast.doc,77,4000x4000,252.2822
ofast.doc,78,4500x4500,371.6694
ofast.doc,79,5000x5000,526.2792
ofast.doc,80,1000x1000,0.8560
ofast.doc,81,1500x1500,4.8635
ofast.doc,82,2000x2000,25.5021
ofast.doc,83,2500x2500,53.4635
ofast.doc,84,3000x3000,98.8366
ofast.doc,85,3500x3500,164.3309
ofast.doc,86,4000x4000,251.9744
ofast.doc,87,4500x4500,372.3102
ofast.doc,88,5000x5000,526.3525
ofast.doc,89,1000x1000,0.8353
ofast.doc,90,1500x1500,5.3219
ofast.doc,91,2000x2000,25.6003
ofast.doc,92,2500x2500,53.5771
ofast.doc,93,3000x3000,99.1372
ofast.doc,94,3500x3500,165.3202
ofast.doc,95,4000x4000,250.8808
ofast.doc,96,4500x4500,342.0500
ofast.doc,97,5000x5000,253.9533
ofast.doc,98,1000x1000,0.8412
ofast.doc,99,1500x1500,4.7702
ofast.doc,100,2000x2000,25.6553
ofast.doc,101,2500x2500,53.4686
ofast.doc,102,3000x3000,98.8632
ofast.doc,103,3500x3500,165.2988
ofast.doc,104,4000x4000,251.1462
ofast.doc,105,4500x4500,371.6504
ofast.doc,106,5000x5000,529.1496
ofast.doc,107,1000x1000,0.7226
ofast.doc,108,1500x1500,4.7172
ofast.doc,109,2000x2000,26.0336
ofast.doc,110,2500x2500,53.5895
ofast.doc,111,3000x3000,99.2261
ofast.doc,112,3500x3500,164.5485
ofast.doc,113,4000x4000,250.9485
ofast.doc,114,4500x4500,373.7446
ofast.doc,115,5000x5000,526.5544
ofast.doc,116,1000x1000,0.8386
ofast.doc,117,1500x1500,4.8934
ofast.doc,118,2000x2000,26.1214
ofast.doc,119,2500x2500,53.8810
ofast.doc,120,3000x3000,99.0432
ofast.doc,121,3500x3500,164.5203
ofast.doc,122,4000x4000,251.7536
ofast.doc,123,4500x4500,371.7592
ofast.doc,124,5000x5000,471.7954
standar.doc,1,1000x1000,4.5351
standar.doc,2,1500x1500,19.7350
standar.doc,3,2000x2000,62.5670
standar.doc,4,2500x2500,126.4156
standar.doc,5,3000x3000,215.9536
standar.doc,6,3500x3500,362.9151
standar.doc,7,4000x4000,596.3382
standar.doc,8,4500x4500,916.1887
standar.doc,9,5000x5000,1227.7434
standar.doc,10,1000x1000,6.7187
standar.doc,11,1500x1500,23.3923
standar.doc,12,2000x2000,69.3032
standar.doc,13,2500x2500,135.6236
standar.doc,14,3000x3000,237.0264
standar.doc,15,3500x3500,309.6780
standar.doc,16,4000x4000,513.4137
standar.doc,17,4500x4500,782.4034
standar.doc,18,5000x5000,1032.8328
standar.doc,19,1000x1000,4.2351
standar.doc,20,1500x1500,18.3828
standar.doc,21,2000x2000,57.9076
standar.doc,22,2500x2500,122.7230
standar.doc,23,3000x3000,210.3557
standar.doc,24,3500x3500,321.4047
standar.doc,25,4000x4000,539.3953
standar.doc,26,4500x4500,776.0100
standar.doc,27,5000x5000,1137.0419
standar.doc,28,1000x1000,4.6886
standar.doc,29,1500x1500,18.7048
standar.doc,30,1000x1000,5.4872
standar.doc,31,1500x1500,20.3439
standar.doc,32,2000x2000,57.2786
standar.doc,33,2500x2500,123.3288
standar.doc,34,3000x3000,180.2307
standar.doc,35,3500x3500,309.1555
standar.doc,36,4000x4000,526.5861
standar.doc,37,1000x1000,4.6279
standar.doc,38,1500x1500,20.4241
standar.doc,39,2000x2000,57.7042
standar.doc,40,2500x2500,117.4611
standar.doc,41,3000x3000,208.4543
standar.doc,42,3500x3500,303.1660
standar.doc,43,4000x4000,508.5404
standar.doc,44,4500x4500,598.3836
standar.doc,45,5000x5000,992.1633
standar.doc,46,1000x1000,4.4085
standar.doc,47,1500x1500,19.0369
standar.doc,48,2000x2000,57.4484
standar.doc,49,2500x2500,117.5790
standar.doc,50,3000x3000,207.9841
standar.doc,51,3500x3500,307.0861
standar.doc,52,4000x4000,462.4882
standar.doc,53,4500x4500,732.5415
standar.doc,54,5000x5000,999.8574
standar.doc,55,1000x1000,4.3535
standar.doc,56,1500x1500,18.8271
standar.doc,57,2000x2000,57.8205
standar.doc,58,2500x2500,117.4786
standar.doc,59,3000x3000,206.7982
standar.doc,60,3500x3500,270.4017
standar.doc,61,4000x4000,507.6508
standar.doc,62,4500x4500,734.6688
standar.doc,63,5000x5000,1003.7149
standar.doc,64,1000x1000,4.4823
standar.doc,65,1500x1500,18.2387
standar.doc,66,2000x2000,56.4010
standar.doc,67,2500x2500,94.6329
standar.doc,68,3000x3000,207.7680
standar.doc,69,3500x3500,305.5400
standar.doc,70,4000x4000,509.3402
standar.doc,71,4500x4500,733.2642
standar.doc,72,5000x5000,927.4449
standar.doc,73,1000x1000,4.3719
standar.doc,74,1500x1500,19.0683
standar.doc,75,2000x2000,57.8413
standar.doc,76,2500x2500,117.6642
standar.doc,77,3000x3000,207.6710
standar.doc,78,3500x3500,307.1361
standar.doc,79,4000x4000,509.9913
standar.doc,80,4500x4500,732.7261
standar.doc,81,5000x5000,869.3165
standar.doc,82,1000x1000,4.4221
standar.doc,83,1500x1500,18.2506
standar.doc,84,2000x2000,57.7394
standar.doc,85,2500x2500,117.6873
standar.doc,86,3000x3000,207.7954
standar.doc,87,3500x3500,306.5473
standar.doc,88,4000x4000,506.4116
standar.doc,89,4500x4500,729.6171
standar.doc,90,5000x5000,807.9537
standar.doc,91,1000x1000,4.3490
standar.doc,92,1500x1500,18.9362
standar.doc,93,2000x2000,57.6795
standar.doc,94,2500x2500,117.3271
standar.doc,95,3000x3000,207.6239
standar.doc,96,3500x3500,304.7591
standar.doc,97,4000x4000,507.3912
standar.doc,98,4500x4500,701.1317
standar.doc,99,5000x5000,996.0688
